ticker,coverage,last_price,last_date
AMD,1.0,633.9099731445312,2026-10-02
GOOGL,1.0,343.5,2026-10-02
IEF,1.0,89.05000305175781,2026-10-02
KLAC,1.0,206.88999938964844,2026-10-02
META,1.0,728.0800170898438,2026-10-02
MSFT,1.0,517.530029296875,2026-10-02
MU,1.0,1074.8900146484375,2026-10-02
NVDA,1.0,233.9499969482422,2026-10-02
QQQ,1.0,749.5800170898438,2026-10-02
SMH,1.0,630.5999755859375,2026-10-02
SPY,1.0,769.6400146484375,2026-10-02
STX,1.0,848.989990234375,2026-10-02
VRT,0.5682258510932743,252.17999267578125,2026-10-02
WDC,1.0,415.2900085449219,2026-10-02
XLV,1.0,166.17999267578125,2026-10-02
